userId,gender,age_group,recommendations,all_movies_rec
5,Male,Young (21-40 years),"[2858, 1682, 318, 356, 1704, 3147]","['""Eternal Sunshine of the Spotless Mind"" (2004)', '""American Beauty"" (1999)', '""The Truman Show"" (1998)', '""Lost in Translation"" (2003)', '""The Shawshank Redemption"" (1994)', '""Forrest Gump"" (1994)', '""Good Will Hunting"" (1997)', '""The Green Mile"" (1999)', '""The Grand Budapest Hotel"" (2014)', '""Silver Linings Playbook"" (2012)']"
27,Male,Young (21-40 years),"[318, 296, 356, 858, 1213, 593, 2959]","['The Shawshank Redemption (1994)', 'Pulp Fiction (1994)', 'Forrest Gump (1994)', 'The Godfather (1972)', 'Goodfellas (1990)', 'The Silence of the Lambs (1991)', 'Fight Club (1999)', 'The Matrix (1999)', 'The Departed (2006)', 'Inception (2010)']"
54,Male,Adult (41-60 years),"[2791, 1265, 1230, 2918, 1197, 1732, 1682, 1968, 356]","['""Airplane!"" (1980)', '""Groundhog Day"" (1993)', '""The Graduate"" (1967)', '""Annie Hall"" (1977)', '""Ferris Bueller\'s Day Off"" (1986)', '""The Princess Bride"" (1987)', '""The Big Lebowski"" (1998)', '""The Truman Show"" (1998)', '""The Breakfast Club"" (1985)', '""Forrest Gump"" (1994)']"
59,Female,Adult (41-60 years),"[912, 527, 318, 920, 1204, 593, 1183]","['""The Godfather"" (1972)', '""Casablanca"" (1942)', '""Schindler\'s List"" (1993)', '""The Shawshank Redemption"" (1994)', '""Gone with the Wind"" (1939)', '""Lawrence of Arabia"" (1962)', '""The Graduate"" (1967)', '""The Silence of the Lambs"" (1991)', '""The Great Gatsby"" (1974)', '""The English Patient"" (1996)']"
95,Male,Adult (41-60 years),"[318, 296, 356, 593, 1213, 2959, 110, 50, 2028]","['The Shawshank Redemption (1994)', 'Pulp Fiction (1994)', 'Forrest Gump (1994)', 'The Silence of the Lambs (1991)', 'Goodfellas (1990)', 'The Matrix (1999)', 'Fight Club (1999)', 'Braveheart (1995)', 'The Usual Suspects (1995)', 'Saving Private Ryan (1998)']"
160,Male,Young (21-40 years),"[318, 1198, 50, 1265, 296, 1036, 356, 1704, 1270]","['The Shawshank Redemption (1994)', 'Raiders of the Lost Ark (1981)', 'The Usual Suspects (1995)', 'Groundhog Day (1993)', 'Pulp Fiction (1994)', 'Die Hard (1988)', 'Forrest Gump (1994)', 'The Matrix (1999)', 'Good Will Hunting (1997)', 'Back to the Future (1985)']"
173,Male,Young (21-40 years),[],[]
205,Male,Young (21-40 years),"[1230, 1265, 3072, 1307, 1288, 1199, 1197, 1394, 3911, 3481]","['""Annie Hall"" (1977)', '""Groundhog Day"" (1993)', '""Moonstruck"" (1987)', '""When Harry Met Sally..."" (1989)', '""This Is Spinal Tap"" (1984)', '""Brazil"" (1985)', '""The Princess Bride"" (1987)', '""Raising Arizona"" (1987)', '""Best in Show"" (2000)', '""High Fidelity"" (2000)']"
218,Male,Young (21-40 years),"[1197, 356, 1307, 1265, 1682, 1784, 1393, 1732]","['""The Princess Bride"" (1987)', '""Forrest Gump"" (1994)', '""When Harry Met Sally..."" (1989)', '""Groundhog Day"" (1993)', '""The Truman Show"" (1998)', '""As Good as It Gets"" (1997)', '""Jerry Maguire"" (1996)', '""The Big Lebowski"" (1998)', '""Little Miss Sunshine"" (2006)', '""Eternal Sunshine of the Spotless Mind"" (2004)']"
245,Male,Young (21-40 years),[],[]
258,Male,Young (21-40 years),"[296, 318, 356, 1213, 2959, 593, 1682]","['Pulp Fiction (1994)', 'The Shawshank Redemption (1994)', 'Forrest Gump (1994)', 'The Matrix (1999)', 'Goodfellas (1990)', 'The Dark Knight (2008)', 'Fight Club (1999)', 'The Silence of the Lambs (1991)', 'The Departed (2006)', 'The Truman Show (1998)']"
261,Male,Young (21-40 years),[],[]
263,Female,Young (21-40 years),"[1270, 2716, 1198, 2918, 1777, 1517, 1682]","['Back to the Future (1985)', 'Ghostbusters (1984)', 'Raiders of the Lost Ark (1981)', ""Ferris Bueller's Day Off (1986)"", 'The Princess Diaries (2001)', 'The Mask (1994)', 'The Wedding Singer (1998)', 'Austin Powers: International Man of Mystery (1997)', 'Men in Black II (2002)', 'The Truman Show (1998)']"
356,Male,Adult (41-60 years),"[1258, 1219, 593, 2762, 2160, 2710, 1395, 1407]","['The Shining (1980)', 'Psycho (1960)', 'Silence of the Lambs (1991)', 'The Sixth Sense (1999)', ""Rosemary's Baby (1968)"", 'The Blair Witch Project (1999)', 'The Omen (1976)', 'Scream (1996)', 'The Babadook (2014)', 'The Conjuring (2013)', 'Enjoy watching!']"
376,Male,Young (21-40 years),"[356, 296, 318, 1704, 1682, 1732, 2959, 3147, 2329]","['Forrest Gump (1994)', 'Pulp Fiction (1994)', 'The Shawshank Redemption (1994)', 'Good Will Hunting (1997)', 'The Truman Show (1998)', 'Eternal Sunshine of the Spotless Mind (2004)', 'The Big Lebowski (1998)', 'Fight Club (1999)', 'The Green Mile (1999)', 'American History X (1998)']"
386,Male,Young (21-40 years),[],[]
460,Male,Adult (41-60 years),"[1265, 2791, 1136, 1517, 1641, 357, 3175, 2302, 235, 1220]","['""Groundhog Day"" (1993)', '""Airplane!"" (1980)', '""Monty Python and the Holy Grail"" (1974)', '""Austin Powers: International Man of Mystery"" (1997)', '""The Full Monty"" (1997)', '""Four Weddings and a Funeral"" (1994)', '""Galaxy Quest"" (1999)', '""My Cousin Vinny"" (1992)', '""Ed Wood"" (1994)', '""Blues Brothers, The"" (1980)']"
476,Male,Young (21-40 years),[],[]
484,Female,Teenager (0-20 years),"[39, 457, 1265, 1682, 1777, 1580, 593, 1197, 318, 296]","['Clueless (1995)', 'The Fugitive (1993)', 'Groundhog Day (1993)', 'The Truman Show (1998)', 'The Wedding Singer (1998)', 'Men in Black (1997)', 'The Silence of the Lambs (1991)', 'The Princess Bride (1987)', 'The Shawshank Redemption (1994)', 'Pulp Fiction (1994)']"
522,Male,Young (21-40 years),"[589, 480, 1240, 1527, 1544, 1210]","['Terminator 2: Judgment Day (1991)', 'Jurassic Park (1993)', 'The Matrix Reloaded (2003)', 'The Terminator (1984)', 'The Fifth Element (1997)', 'The Lost World: Jurassic Park (1997)', 'Men in Black II (2002)', 'Independence Day: Resurgence (2016)', 'The Empire Strikes Back (1980)', 'Star Wars: Episode VI - Return of the Jedi (1983)']"
526,Male,Adult (41-60 years),"[1036, 541, 318, 296, 1240, 110, 1221, 1208]","['Die Hard (1988)', 'Blade Runner (1982)', 'The Shawshank Redemption (1994)', 'Pulp Fiction (1994)', 'The Dark Knight (2008)', 'The Terminator (1984)', 'Braveheart (1995)', 'The Matrix (1999)', 'The Godfather: Part II (1974)', 'Apocalypse Now (1979)']"
544,Male,Young (21-40 years),"[364, 1198, 260, 1028, 919, 2012, 2096, 2078, 1204, 1262]","['The Lion King (1994)', 'Raiders of the Lost Ark (1981)', 'Star Wars: Episode IV - A New Hope (1977)', 'Mary Poppins (1964)', 'The Wizard of Oz (1939)', 'Back to the Future Part III (1990)', 'Sleeping Beauty (1959)', 'The Jungle Book (1967)', 'Lawrence of Arabia (1962)', 'The Great Escape (1963)']"
554,Male,Young (21-40 years),"[296, 318, 356, 1213, 50, 110, 593, 2959, 3147]","['Pulp Fiction (1994)', 'The Shawshank Redemption (1994)', 'Forrest Gump (1994)', 'Goodfellas (1990)', 'The Matrix (1999)', 'The Usual Suspects (1995)', 'Braveheart (1995)', 'The Silence of the Lambs (1991)', 'Fight Club (1999)', 'The Green Mile (1999)']"
568,Female,Adult (41-60 years),"[1221, 1198, 1036, 110, 457, 318, 296, 593, 6]","['The Godfather: Part II (1974)', 'Raiders of the Lost Ark (1981)', 'Die Hard (1988)', 'Braveheart (1995)', 'The Fugitive (1993)', 'The Shawshank Redemption (1994)', 'Pulp Fiction (1994)', 'The Silence of the Lambs (1991)', 'Heat (1995)', 'The Departed (2006)', 'Enjoy watching!']"
571,Male,Adult (41-60 years),"[541, 2916, 1240, 1036, 2985, 1527, 780, 1909]","['Blade Runner (1982)', 'Total Recall (1990)', 'The Terminator (1984)', 'Die Hard (1988)', 'RoboCop (1987)', 'The Matrix Reloaded (2003)', 'Minority Report (2002)', 'The Fifth Element (1997)', 'Independence Day (1996)', 'The X-Files: Fight the Future (1998)']"
582,Male,Teenager (0-20 years),"[296, 318, 356, 593, 1213, 1682, 2762, 2858, 2959, 50]","['Pulp Fiction (1994)', 'The Shawshank Redemption (1994)', 'Forrest Gump (1994)', 'The Silence of the Lambs (1991)', 'Goodfellas (1990)', 'The Truman Show (1998)', 'The Sixth Sense (1999)', 'American Beauty (1999)', 'Fight Club (1999)', 'The Usual Suspects (1995)']"
583,Female,Young (21-40 years),"[318, 356, 364, 1682, 1197, 595, 3147, 3114, 1035, 919]","['The Shawshank Redemption (1994)', 'Forrest Gump (1994)', 'The Lion King (1994)', 'The Truman Show (1998)', 'The Princess Bride (1987)', 'Beauty and the Beast (1991)', 'The Green Mile (1999)', 'Toy Story 2 (1999)', 'The Sound of Music (1965)', 'The Wizard of Oz (1939)']"
586,Male,Young (21-40 years),"[1240, 2167, 1527, 2916, 1580, 480, 318]","['The Terminator (1984)', 'Blade (1998)', 'The Fifth Element (1997)', 'Total Recall (1990)', 'The Matrix Reloaded (2003)', 'Men in Black (1997)', 'Jurassic Park (1993)', 'The Dark Knight (2008)', 'Inception (2010)', 'The Shawshank Redemption (1994)']"
647,Male,Young (21-40 years),[],[]
655,Female,Young (21-40 years),[],[]
703,Female,Adult (41-60 years),"[318, 296, 1291, 1270, 1036, 1221, 1197, 457]","['The Shawshank Redemption (1994)', 'Pulp Fiction (1994)', 'The Dark Knight (2008)', 'Indiana Jones and the Last Crusade (1989)', 'Back to the Future (1985)', 'The Departed (2006)', 'Die Hard (1988)', 'The Godfather: Part II (1974)', 'The Princess Bride (1987)', 'The Fugitive (1993)']"
714,Male,Teenager (0-20 years),[],[]
746,Female,Teenager (0-20 years),[],[]
761,Male,Teenager (0-20 years),"[480, 1036, 589, 1270, 1527, 1580, 780, 318]","['The Dark Knight (2008)', 'Inception (2010)', 'Jurassic Park (1993)', 'Die Hard (1988)', 'The Terminator 2: Judgment Day (1991)', 'Back to the Future (1985)', 'The Fifth Element (1997)', 'Men in Black (1997)', 'Independence Day (1996)', 'The Shawshank Redemption (1994)']"
769,Male,Adult (41-60 years),"[318, 296, 1221, 1213, 1193, 593, 50, 2959, 3147]","['The Shawshank Redemption (1994)', 'Pulp Fiction (1994)', 'The Godfather: Part II (1974)', 'Goodfellas (1990)', ""One Flew Over the Cuckoo's Nest (1975)"", 'The Silence of the Lambs (1991)', 'The Usual Suspects (1995)', 'Fight Club (1999)', 'The Departed (2006)', 'The Green Mile (1999)']"
794,Male,Adult (41-60 years),"[2791, 1307, 1230, 1265, 1197, 2918, 1172, 1238, 2997, 2243]","['""Airplane!"" (1980)', '""When Harry Met Sally..."" (1989)', '""Annie Hall"" (1977)', '""Groundhog Day"" (1993)', '""The Princess Bride"" (1987)', '""Ferris Bueller\'s Day Off"" (1986)', '""Cinema Paradiso"" (1988)', '""Local Hero"" (1983)', '""Being John Malkovich"" (1999)', '""Broadcast News"" (1987)', 'Enjoy watching!']"
829,Male,Teenager (0-20 years),"[318, 296, 1221, 2959, 593, 50, 3793, 1487, 2762, 2858]","['The Shawshank Redemption (1994)', 'Pulp Fiction (1994)', 'The Godfather: Part II (1974)', 'Fight Club (1999)', 'The Silence of the Lambs (1991)', 'The Usual Suspects (1995)', 'Memento (2000)', 'Se7en (1995)', 'The Sixth Sense (1999)', 'American Beauty (1999)']"
839,Male,Young (21-40 years),[],[]
841,Female,Adult (41-60 years),"[318, 356, 296, 1704, 1682, 2858, 2959, 3147, 2762]","['The Shawshank Redemption (1994)', 'Forrest Gump (1994)', 'Pulp Fiction (1994)', 'Good Will Hunting (1997)', 'The Truman Show (1998)', 'American Beauty (1999)', 'Fight Club (1999)', 'The Green Mile (1999)', 'The Sixth Sense (1999)', 'The Departed (2006)']"
873,Male,Adult (41-60 years),"[912, 318, 296, 1221, 1193, 1213, 527, 50, 356]","['""Casablanca"" (1942)', '""The Shawshank Redemption"" (1994)', '""Pulp Fiction"" (1994)', '""The Godfather: Part II"" (1974)', '""One Flew Over the Cuckoo\'s Nest"" (1975)', '""Goodfellas"" (1990)', '""The Graduate"" (1967)', '""Schindler\'s List"" (1993)', '""The Usual Suspects"" (1995)', '""Forrest Gump"" (1994)']"
900,Female,Adult (41-60 years),"[2858, 608, 296, 318, 1704, 356, 1682, 3147, 50]","['American Beauty (1999)', 'Eternal Sunshine of the Spotless Mind (2004)', 'Fargo (1996)', 'Pulp Fiction (1994)', 'The Shawshank Redemption (1994)', 'Good Will Hunting (1997)', 'Forrest Gump (1994)', 'The Truman Show (1998)', 'The Green Mile (1999)', 'The Usual Suspects (1995)']"
915,Male,Young (21-40 years),"[1036, 593, 2762, 2959, 1258, 2000, 457, 1240, 1387, 1997]","['Die Hard (1988)', 'The Silence of the Lambs (1991)', 'The Sixth Sense (1999)', 'Fight Club (1999)', 'The Shining (1980)', 'Lethal Weapon (1987)', 'The Fugitive (1993)', 'The Terminator (1984)', 'Jaws (1975)', 'The Exorcist (1973)']"
916,Female,Young (21-40 years),"[356, 318, 296, 1704, 1682, 1265, 1732, 1197, 1270, 1968]","['Forrest Gump (1994)', 'The Shawshank Redemption (1994)', 'Pulp Fiction (1994)', 'Good Will Hunting (1997)', 'The Truman Show (1998)', 'Groundhog Day (1993)', 'The Big Lebowski (1998)', 'The Princess Bride (1987)', 'Back to the Future (1985)', 'The Breakfast Club (1985)']"
919,Female,Young (21-40 years),[],[]
941,Male,Teenager (0-20 years),"[296, 318, 1213, 356, 858, 2959, 593, 1682, 50]","['Pulp Fiction (1994)', 'The Shawshank Redemption (1994)', 'Goodfellas (1990)', 'Forrest Gump (1994)', 'The Godfather (1972)', 'Fight Club (1999)', 'The Silence of the Lambs (1991)', 'The Departed (2006)', 'The Truman Show (1998)', 'The Usual Suspects (1995)', 'Enjoy watching!']"
994,Male,Teenager (0-20 years),"[296, 318, 2959, 6, 1213, 1089, 50, 16, 1617]","['Pulp Fiction (1994)', 'The Shawshank Redemption (1994)', 'Fight Club (1999)', 'Heat (1995)', 'The Departed (2006)', 'Goodfellas (1990)', 'Reservoir Dogs (1992)', 'The Usual Suspects (1995)', 'Casino (1995)', 'L.A. Confidential (1997)']"
1025,Male,Young (21-40 years),"[480, 318, 1270, 1198, 1197, 1213, 1240, 364, 110]","['The Matrix (1999)', 'Jurassic Park (1993)', 'The Shawshank Redemption (1994)', 'Back to the Future (1985)', 'Raiders of the Lost Ark (1981)', 'The Princess Bride (1987)', 'Goodfellas (1990)', 'The Terminator (1984)', 'The Lion King (1994)', 'Braveheart (1995)']"
1033,Male,Young (21-40 years),"[1278, 3671, 1215, 1201, 1321, 2716, 1197, 1270]","['Evil Dead II (1987)', 'Young Frankenstein (1974)', 'Blazing Saddles (1974)', 'Army of Darkness (1992)', 'Shaun of the Dead (2004)', 'The Good, the Bad and the Ugly (1966)', 'An American Werewolf in London (1981)', 'Ghostbusters (1984)', 'The Princess Bride (1987)', 'Back to the Future (1985)']"
1054,Male,Teenager (0-20 years),"[1197, 500, 1265, 2059, 2413, 2572, 3253, 2124, 2797]","['""The Princess Bride"" (1987)', '""Mrs. Doubtfire"" (1993)', '""Groundhog Day"" (1993)', '""The Parent Trap"" (1998)', '""Clue"" (1985)', '""The Mask"" (1994)', '""10 Things I Hate About You"" (1999)', '""Wayne\'s World"" (1992)', '""The Addams Family"" (1991)', '""Big"" (1988)']"
1136,Female,Young (21-40 years),"[296, 318, 2959, 1213, 593, 2858, 1487, 1682, 50]","['Pulp Fiction (1994)', 'The Shawshank Redemption (1994)', 'Fight Club (1999)', 'The Matrix (1999)', 'Goodfellas (1990)', 'The Silence of the Lambs (1991)', 'American Beauty (1999)', 'Se7en (1995)', 'The Truman Show (1998)', 'The Usual Suspects (1995)']"
1146,Female,Teenager (0-20 years),[],[]
1174,Female,Teenager (0-20 years),"[608, 296, 318, 2959, 1682, 593, 2762, 1704, 50, 2329]","['Fargo (1996)', 'Pulp Fiction (1994)', 'The Shawshank Redemption (1994)', 'Fight Club (1999)', 'The Truman Show (1998)', 'The Silence of the Lambs (1991)', 'The Sixth Sense (1999)', 'Good Will Hunting (1997)', 'The Usual Suspects (1995)', 'American History X (1998)']"
1256,Male,Young (21-40 years),"[296, 318, 2959, 50, 6, 1213, 1487, 593, 1089]","['Pulp Fiction (1994)', 'The Shawshank Redemption (1994)', 'Fight Club (1999)', 'The Usual Suspects (1995)', 'Heat (1995)', 'Goodfellas (1990)', 'The Departed (2006)', 'Seven (1995)', 'The Silence of the Lambs (1991)', 'Reservoir Dogs (1992)']"
1277,Female,Teenager (0-20 years),"[1258, 1407, 2459, 2174, 593, 1970, 2762, 2004, 2710]","['The Shining (1980)', 'Evil Dead II (1987)', 'Scream (1996)', 'The Texas Chainsaw Massacre (1974)', 'Beetlejuice (1988)', 'The Silence of the Lambs (1991)', 'A Nightmare on Elm Street 3: Dream Warriors (1987)', 'The Sixth Sense (1999)', 'Gremlins 2: The New Batch (1990)', 'The Blair Witch Project (1999)']"
1299,Male,Young (21-40 years),[],[]
1311,Male,Teenager (0-20 years),"[260, 1198, 480, 1270, 1097, 589, 780, 1580, 364]","['Star Wars: Episode IV - A New Hope (1977)', 'Raiders of the Lost Ark (1981)', 'Jurassic Park (1993)', 'Back to the Future (1985)', 'E.T. the Extra-Terrestrial (1982)', 'The Matrix (1999)', 'Terminator 2: Judgment Day (1991)', 'Independence Day (1996)', 'Men in Black (1997)', 'The Lion King (1994)']"
1314,Female,Teenager (0-20 years),[],[]
1327,Male,Teenager (0-20 years),"[527, 2028, 110, 356, 1208, 1197, 1408, 1196, 1210, 912]","[""Schindler's List (1993)"", 'Saving Private Ryan (1998)', 'Braveheart (1995)', 'Forrest Gump (1994)', 'Apocalypse Now (1979)', 'The Princess Bride (1987)', 'The Last of the Mohicans (1992)', 'Star Wars: Episode V - The Empire Strikes Back (1980)', 'Star Wars: Episode VI - Return of the Jedi (1983)', 'Casablanca (1942)']"
1336,Female,Adult (41-60 years),"[296, 318, 1213, 50, 2858, 593, 2959, 1682, 3147]","['Pulp Fiction (1994)', 'The Shawshank Redemption (1994)', 'Goodfellas (1990)', 'The Usual Suspects (1995)', 'American Beauty (1999)', 'The Silence of the Lambs (1991)', 'Fight Club (1999)', 'The Departed (2006)', 'The Truman Show (1998)', 'The Green Mile (1999)']"
1342,Male,Young (21-40 years),"[593, 1487, 2762, 1258, 2959, 2710, 1347, 457, 50, 480]","['The Silence of the Lambs (1991)', 'Seven (1995)', 'The Sixth Sense (1999)', 'The Shining (1980)', 'Fight Club (1999)', 'The Blair Witch Project (1999)', 'A Nightmare on Elm Street (1984)', 'The Fugitive (1993)', 'The Usual Suspects (1995)', 'Jurassic Park (1993)']"
1356,Female,Teenager (0-20 years),[],[]
1405,Male,Adult (41-60 years),"[1193, 296, 1221, 593, 2858, 2762, 1732]","['""One Flew Over the Cuckoo\'s Nest"" (1975)', '""The Shining"" (1980)', '""Pulp Fiction"" (1994)', '""The Exorcist"" (1973)', '""The Godfather: Part II"" (1974)', '""The Silence of the Lambs"" (1991)', '""The Graduate"" (1967)', '""American Beauty"" (1999)', '""The Sixth Sense"" (1999)', '""The Big Lebowski"" (1998)']"
1467,Male,Young (21-40 years),"[296, 318, 593, 1213, 356, 50, 2959, 2329, 1682, 1487]","['Pulp Fiction (1994)', 'The Shawshank Redemption (1994)', 'The Silence of the Lambs (1991)', 'Goodfellas (1990)', 'Forrest Gump (1994)', 'The Usual Suspects (1995)', 'Fight Club (1999)', 'American History X (1998)', 'The Truman Show (1998)', 'Se7en (1995)']"
1580,Female,Teenager (0-20 years),"[1035, 1258, 1252, 2762, 593, 676, 50, 457]","['The Sound of Music (1965)', 'The Shining (1980)', 'Chinatown (1974)', 'The Sixth Sense (1999)', 'The Silence of the Lambs (1991)', 'The Birds (1963)', 'Sing Street (2016)', 'The Usual Suspects (1995)', 'The Fugitive (1993)', 'The Others (2001)']"
1634,Female,Adult (41-60 years),"[356, 318, 1197, 1265, 1682, 1784, 3147, 1704, 1732, 1307]","['""Forrest Gump"" (1994)', '""The Shawshank Redemption"" (1994)', '""The Princess Bride"" (1987)', '""Groundhog Day"" (1993)', '""The Truman Show"" (1998)', '""As Good as It Gets"" (1997)', '""The Green Mile"" (1999)', '""Good Will Hunting"" (1997)', '""The Big Lebowski"" (1998)', '""When Harry Met Sally..."" (1989)']"
1635,Male,Young (21-40 years),[],[]
1653,Male,Teenager (0-20 years),"[231, 1682, 1704, 2395, 39, 1246, 3253, 2918, 2572]","['Dumb and Dumber (1994)', 'The Truman Show (1998)', 'Good Will Hunting (1997)', 'Rushmore (1998)', 'The Sandlot (1993)', 'Clueless (1995)', 'Dead Poets Society (1989)', ""Wayne's World (1992)"", ""Ferris Bueller's Day Off (1986)"", '10 Things I Hate About You (1999)']"
1722,Male,Young (21-40 years),[],[]
1734,Male,Adult (41-60 years),"[318, 296, 912, 1221, 2028, 1225, 923, 1228, 1244, 608]","['""The Shawshank Redemption"" (1994)', '""Pulp Fiction"" (1994)', '""Casablanca"" (1942)', '""The Godfather: Part II"" (1974)', '""Saving Private Ryan"" (1998)', '""Amadeus"" (1984)', '""Citizen Kane"" (1941)', '""Raging Bull"" (1980)', '""Manhattan"" (1979)', '""Fargo"" (1996)']"
1741,Male,Young (21-40 years),[],[]
1747,Male,Young (21-40 years),"[318, 356, 1, 364, 296, 1704, 1682, 1197, 1035]","['The Shawshank Redemption (1994)', 'Forrest Gump (1994)', 'Toy Story (1995)', 'The Lion King (1994)', 'Pulp Fiction (1994)', 'Good Will Hunting (1997)', 'The Truman Show (1998)', 'The Princess Bride (1987)', 'The Incredibles (2004)', 'The Sound of Music (1965)', 'Enjoy watching!']"
1761,Male,Young (21-40 years),"[541, 1240, 480, 260, 1097, 1270, 32, 2105]","['Blade Runner (1982)', 'The Terminator (1984)', 'Jurassic Park (1993)', 'The Matrix (1999)', 'Star Wars: Episode IV - A New Hope (1977)', 'E.T. the Extra-Terrestrial (1982)', 'Back to the Future (1985)', 'Independence Day', 'Twelve Monkeys (1995)', 'Tron (1982)']"
1769,Male,Young (21-40 years),"[356, 1682, 2396, 1784, 1393, 1197, 1265, 318, 1704]","['""Forrest Gump"" (1994)', '""The Truman Show"" (1998)', '""Shakespeare in Love"" (1998)', '""As Good as It Gets"" (1997)', '""Jerry Maguire"" (1996)', '""The Princess Bride"" (1987)', '""Groundhog Day"" (1993)', '""The Shawshank Redemption"" (1994)', '""Good Will Hunting"" (1997)', '""Eternal Sunshine of the Spotless Mind"" (2004)']"
1798,Male,Adult (41-60 years),"[296, 318, 1213, 2959, 593, 50, 1089, 6, 1221]","['Pulp Fiction (1994)', 'The Shawshank Redemption (1994)', 'Goodfellas (1990)', 'The Departed (2006)', 'Fight Club (1999)', 'The Silence of the Lambs (1991)', 'The Usual Suspects (1995)', 'Reservoir Dogs (1992)', 'Heat (1995)', 'The Godfather: Part II (1974)', 'Enjoy watching!']"
1803,Male,Young (21-40 years),[],[]
1806,Male,Teenager (0-20 years),"[318, 356, 2959, 296, 1213, 593, 1682, 364]","['The Shawshank Redemption (1994)', 'Forrest Gump (1994)', 'The Dark Knight (2008)', 'Fight Club (1999)', 'The Matrix (1999)', 'Pulp Fiction (1994)', 'Goodfellas (1990)', 'The Silence of the Lambs (1991)', 'The Truman Show (1998)', 'The Lion King (1994)']"
1811,Male,Adult (41-60 years),"[2791, 1265, 1197, 296, 608, 1732, 904, 1258, 593, 1682]","['Airplane! (1980)', 'Groundhog Day (1993)', 'The Princess Bride (1987)', 'Pulp Fiction (1994)', 'Fargo (1996)', 'The Big Lebowski (1998)', 'Rear Window (1954)', 'The Shining (1980)', 'The Silence of the Lambs (1991)', 'The Truman Show (1998)']"
1812,Female,Young (21-40 years),[],[]
1835,Male,Young (21-40 years),[],[]
1847,Male,Teenager (0-20 years),"[296, 2762, 1682, 1258, 1968, 593, 2959, 3535, 318]","['Pulp Fiction (1994)', 'The Sixth Sense (1999)', 'The Truman Show (1998)', 'The Shining (1980)', 'The Breakfast Club (1985)', 'The Silence of the Lambs (1991)', 'Donnie Darko (2001)', 'Fight Club (1999)', 'American Psycho (2000)', 'The Shawshank Redemption (1994)']"
1873,Male,Young (21-40 years),"[356, 318, 2959, 858, 593, 296]","['Forrest Gump (1994)', 'The Shawshank Redemption (1994)', 'Fight Club (1999)', 'The Godfather (1972)', 'The Dark Knight (2008)', 'Inception (2010)', 'The Silence of the Lambs (1991)', 'The Departed (2006)', 'Pulp Fiction (1994)', 'The Matrix (1999)']"
1882,Male,Young (21-40 years),[],[]
1883,Female,Adult (41-60 years),[],[]
1893,Female,Young (21-40 years),"[2858, 608, 1682, 1704, 318, 296, 1732, 2959]","['American Beauty (1999)', 'Fargo (1996)', 'The Truman Show (1998)', 'Good Will Hunting (1997)', 'Eternal Sunshine of the Spotless Mind (2004)', 'Lost in Translation (2003)', 'The Shawshank Redemption (1994)', 'Pulp Fiction (1994)', 'The Big Lebowski (1998)', 'Fight Club (1999)']"
1913,Male,Young (21-40 years),"[364, 595, 588, 2081, 1197, 1035, 919]","['The Lion King (1994)', 'Beauty and the Beast (1991)', 'Aladdin (1992)', 'The Little Mermaid (1989)', 'The Princess Bride (1987)', 'The Incredibles (2004)', 'Finding Nemo (2003)', 'Shrek (2001)', 'The Sound of Music (1965)', 'The Wizard of Oz (1939)']"
1915,Male,Adult (41-60 years),"[2716, 1036, 1258, 296, 593, 1997, 1198, 2762, 1387, 1240]","['Ghostbusters (1984)', 'Die Hard (1988)', 'The Shining (1980)', 'Pulp Fiction (1994)', 'The Silence of the Lambs (1991)', 'The Exorcist (1973)', 'Raiders of the Lost Ark (1981)', 'The Sixth Sense (1999)', 'Jaws (1975)', 'The Terminator (1984)', 'Enjoy watching!']"
1957,Female,Teenager (0-20 years),"[1968, 3897, 1682, 1197]","['""The Breakfast Club"" (1985)', '""Eternal Sunshine of the Spotless Mind"" (2004)', '""Little Miss Sunshine"" (2006)', '""500 Days of Summer"" (2009)', '""Lost in Translation"" (2003)', '""Almost Famous"" (2000)', '""Juno"" (2007)', '""The Truman Show"" (1998)', '""Amélie"" (2001)', '""The Princess Bride"" (1987)']"
1969,Female,Young (21-40 years),[],[]
1981,Male,Adult (41-60 years),"[1258, 296, 2762, 1407, 1997, 593, 1219, 2710, 1982, 2459]","['The Shining (1980)', 'Pulp Fiction (1994)', 'The Sixth Sense (1999)', 'Scream (1996)', 'The Exorcist (1973)', 'The Silence of the Lambs (1991)', 'Psycho (1960)', 'The Blair Witch Project (1999)', 'Halloween (1978)', 'The Texas Chainsaw Massacre (1974)']"
2013,Male,Adult (41-60 years),"[2167, 1240, 480, 1527, 1196, 1200, 1270, 589, 1374]","['The Matrix (1999)', 'Blade (1998)', 'The Terminator (1984)', 'Jurassic Park (1993)', 'The Fifth Element (1997)', 'Star Wars: Episode V - The Empire Strikes Back (1980)', 'Aliens (1986)', 'Back to the Future (1985)', 'The Terminator 2: Judgment Day (1991)', 'Star Trek II: The Wrath of Khan (1982)']"
2014,Male,Teenager (0-20 years),"[2716, 1036, 1682, 1580, 318, 1732, 296, 593, 356]","['Ghostbusters (1984)', 'Die Hard (1988)', 'The Princess Diaries (2001)', 'The Truman Show (1998)', 'Men in Black (1997)', 'The Shawshank Redemption (1994)', 'The Big Lebowski (1998)', 'Pulp Fiction (1994)', 'The Silence of the Lambs (1991)', 'Forrest Gump (1994)']"
2028,Male,Adult (41-60 years),"[296, 318, 2959, 593, 356, 858, 1213, 1732, 50]","['Pulp Fiction (1994)', 'The Shawshank Redemption (1994)', 'The Matrix (1999)', 'Fight Club (1999)', 'The Silence of the Lambs (1991)', 'Forrest Gump (1994)', 'The Godfather (1972)', 'Goodfellas (1990)', 'The Big Lebowski (1998)', 'The Usual Suspects (1995)']"
2038,Female,Adult (41-60 years),[],[]
2067,Male,Adult (41-60 years),"[1207, 1230, 1090, 1262, 1197, 318, 1968, 527]","['""To Kill a Mockingbird"" (1962)', '""Annie Hall"" (1977)', '""Platoon"" (1986)', '""The Graduate"" (1967)', '""The Great Escape"" (1963)', '""The Princess Bride"" (1987)', '""The Shawshank Redemption"" (1994)', '""The Godfather"" (1972)', '""The Breakfast Club"" (1985)', '""Schindler\'s List"" (1993)']"
2160,Female,Teenager (0-20 years),"[1197, 39, 364, 1265, 1968, 1270, 3253]","['The Princess Bride (1987)', 'Clueless (1995)', 'The Lion King (1994)', 'Groundhog Day (1993)', 'Shrek (2001)', 'The Breakfast Club (1985)', 'Monsters, Inc. (2001)', 'Back to the Future (1985)', 'The Incredibles (2004)', ""Wayne's World (1992)""]"
2165,Male,Young (21-40 years),[],[]
2174,Male,Adult (41-60 years),"[356, 318, 1704, 2858, 1682, 3147, 1732, 1265, 1784, 50]","['Forrest Gump (1994)', 'The Shawshank Redemption (1994)', 'Good Will Hunting (1997)', 'American Beauty (1999)', 'The Truman Show (1998)', 'The Green Mile (1999)', 'The Big Lebowski (1998)', 'Groundhog Day (1993)', 'As Good as It Gets (1997)', 'The Usual Suspects (1995)']"
2177,Female,Young (21-40 years),"[318, 356, 1, 364, 1682, 1197, 3147]","['The Shawshank Redemption (1994)', 'Forrest Gump (1994)', 'Toy Story (1995)', 'The Lion King (1994)', 'The Truman Show (1998)', 'The Princess Bride (1987)', 'The Incredibles (2004)', 'The Green Mile (1999)', 'The Grand Budapest Hotel (2014)', 'Finding Nemo (2003)']"
2179,Female,Young (21-40 years),"[318, 2959, 2858, 593, 296, 50, 1487, 3793, 2762]","['The Shawshank Redemption (1994)', 'Fight Club (1999)', 'American Beauty (1999)', 'The Silence of the Lambs (1991)', 'Pulp Fiction (1994)', 'The Usual Suspects (1995)', 'Se7en (1995)', 'Memento (2000)', 'The Sixth Sense (1999)', 'The Departed (2006)']"
2193,Male,Teenager (0-20 years),"[356, 296, 1682, 1704, 318, 1265, 3147, 1732, 2762]","['Forrest Gump (1994)', 'Pulp Fiction (1994)', 'The Truman Show (1998)', 'Good Will Hunting (1997)', 'The Shawshank Redemption (1994)', 'Groundhog Day (1993)', 'The Green Mile (1999)', 'Eternal Sunshine of the Spotless Mind (2004)', 'The Big Lebowski (1998)', 'The Sixth Sense (1999)']"
2195,Male,Teenager (0-20 years),[],[]
2201,Male,Adult (41-60 years),"[480, 1198, 1270, 1240, 1200, 1036, 1197, 1527, 318]","['Jurassic Park (1993)', 'The Matrix (1999)', 'Raiders of the Lost Ark (1981)', 'Back to the Future (1985)', 'The Terminator (1984)', 'Aliens (1986)', 'Die Hard (1988)', 'The Princess Bride (1987)', 'The Fifth Element (1997)', 'The Shawshank Redemption (1994)']"
2219,Male,Young (21-40 years),"[1197, 1784, 1265, 1307, 1682, 2918, 1732]","['""The Princess Bride"" (1987)', '""As Good as It Gets"" (1997)', '""Groundhog Day"" (1993)', '""When Harry Met Sally..."" (1989)', '""The Truman Show"" (1998)', '""Ferris Bueller\'s Day Off"" (1986)', '""The Big Lebowski"" (1998)', '""Eternal Sunshine of the Spotless Mind"" (2004)', '""Little Miss Sunshine"" (2006)', '""Lost in Translation"" (2003)', 'Enjoy!']"
2261,Male,Young (21-40 years),[],[]
2284,Male,Young (21-40 years),"[541, 480, 780, 1240, 2011, 1527, 1210]","['Blade Runner (1982)', 'The Matrix (1999)', 'Jurassic Park (1993)', 'Independence Day (1996)', 'The Terminator (1984)', 'Back to the Future Part II (1989)', 'The Fifth Element (1997)', 'Men in Black II (2002)', 'Star Wars: Episode III - Revenge of the Sith (2005)', 'The Abyss (1989)']"
2285,Female,Teenager (0-20 years),"[1197, 2918, 1682, 1968, 1307, 318, 296, 1732, 1704]","['""Eternal Sunshine of the Spotless Mind"" (2004)', '""The Princess Bride"" (1987)', '""Ferris Bueller\'s Day Off"" (1986)', '""The Truman Show"" (1998)', '""The Breakfast Club"" (1985)', '""When Harry Met Sally..."" (1989)', '""The Shawshank Redemption"" (1994)', '""Pulp Fiction"" (1994)', '""The Big Lebowski"" (1998)', '""Good Will Hunting"" (1997)']"
2286,Male,Young (21-40 years),"[1265, 1307, 296, 1682, 356, 1732, 1704, 318, 1197]","['""Groundhog Day"" (1993)', '""When Harry Met Sally..."" (1989)', '""Pulp Fiction"" (1994)', '""The Truman Show"" (1998)', '""Forrest Gump"" (1994)', '""The Big Lebowski"" (1998)', '""Good Will Hunting"" (1997)', '""The Shawshank Redemption"" (1994)', '""Eternal Sunshine of the Spotless Mind"" (2004)', '""The Princess Bride"" (1987)']"
2289,Female,Adult (41-60 years),"[899, 920, 364, 1035, 1197, 2081, 1088, 1947, 919, 539]","[""Singin' in the Rain (1952)"", 'Gone with the Wind (1939)', 'The Lion King (1994)', 'The Sound of Music (1965)', 'The Princess Bride (1987)', 'The Little Mermaid (1989)', 'Dirty Dancing (1987)', '8. West Side Story (1961)', 'The Wizard of Oz (1939)', 'Sleepless in Seattle (1993)']"
2378,Male,Young (21-40 years),[],[]
2409,Female,Young (21-40 years),"[1265, 1197, 356, 1682, 1732, 296, 318, 1230, 1968]","['""Groundhog Day"" (1993)', '""The Princess Bride"" (1987)', '""Forrest Gump"" (1994)', '""The Truman Show"" (1998)', '""Eternal Sunshine of the Spotless Mind"" (2004)', '""The Big Lebowski"" (1998)', '""Pulp Fiction"" (1994)', '""The Shawshank Redemption"" (1994)', '""Annie Hall"" (1977)', '""The Breakfast Club"" (1985)']"
2412,Male,Adult (41-60 years),"[2023, 1208, 318, 296, 1213, 16, 6, 593, 50]","['The Godfather: Part III (1990)', 'Apocalypse Now (1979)', 'The Shawshank Redemption (1994)', 'Pulp Fiction (1994)', 'Goodfellas (1990)', 'The Departed (2006)', 'Casino (1995)', 'Heat (1995)', 'The Silence of the Lambs (1991)', 'The Usual Suspects (1995)']"
2452,Male,Adult (41-60 years),"[457, 593, 1617, 50, 589, 1370, 1608, 2762, 1343, 608]","['The Fugitive (1993)', 'The Silence of the Lambs (1991)', 'L.A. Confidential (1997)', 'The Usual Suspects (1995)', 'Terminator 2: Judgment Day (1991)', 'Die Hard 2 (1990)', 'Air Force One (1997)', 'The Sixth Sense (1999)', 'Cape Fear (1991)', 'Fargo (1996)']"
2527,Male,Young (21-40 years),"[296, 318, 6, 16, 1089, 50, 1206, 1252, 1084]","['Pulp Fiction (1994)', 'The Shawshank Redemption (1994)', 'Heat (1995)', 'The Departed (2006)', 'Casino (1995)', 'Reservoir Dogs (1992)', 'The Usual Suspects (1995)', 'A Clockwork Orange (1971)', 'Chinatown (1974)', 'Bonnie and Clyde (1967)']"
2561,Male,Young (21-40 years),"[1230, 1197, 356, 1682, 1704, 318, 1265, 296, 1732]","['""Annie Hall"" (1977)', '""The Princess Bride"" (1987)', '""Forrest Gump"" (1994)', '""The Truman Show"" (1998)', '""Eternal Sunshine of the Spotless Mind"" (2004)', '""Good Will Hunting"" (1997)', '""The Shawshank Redemption"" (1994)', '""Groundhog Day"" (1993)', '""Pulp Fiction"" (1994)', '""The Big Lebowski"" (1998)']"
2585,Male,Adult (41-60 years),"[912, 318, 296, 1213, 1221, 356, 593, 527, 3147]","['Casablanca (1942)', 'The Shawshank Redemption (1994)', 'Pulp Fiction (1994)', 'Goodfellas (1990)', 'The Godfather: Part II (1974)', 'Forrest Gump (1994)', 'The Silence of the Lambs (1991)', ""Schindler's List (1993)"", 'The Departed (2006)', 'The Green Mile (1999)']"
2592,Male,Adult (41-60 years),[],[]
2664,Male,Young (21-40 years),[],[]
2665,Male,Young (21-40 years),[],[]
2715,Female,Adult (41-60 years),"[1198, 260, 1196, 1210, 480, 1270, 1097, 919, 1247]","['Raiders of the Lost Ark (1981)', 'Star Wars: Episode IV - A New Hope (1977)', 'Star Wars: Episode V - The Empire Strikes Back (1980)', 'Star Wars: Episode VI - Return of the Jedi (1983)', 'Jurassic Park (1993)', 'Back to the Future (1985)', 'E.T. the Extra-Terrestrial (1982)', 'The Wizard of Oz (1939)', 'Independence Day', 'The Graduate (1967)']"
2766,Male,Adult (41-60 years),"[356, 318, 1197, 1265, 1247, 3114, 364, 912, 1732, 1682]","['Forrest Gump (1994)', 'The Shawshank Redemption (1994)', 'The Princess Bride (1987)', 'Groundhog Day (1993)', 'The Graduate (1967)', 'Toy Story 2 (1999)', 'The Lion King (1994)', 'Casablanca (1942)', 'The Big Lebowski (1998)', 'The Truman Show (1998)']"
2778,Male,Adult (41-60 years),"[1265, 1682, 1784, 318, 1732]","['""Groundhog Day"" (1993)', '""The Truman Show"" (1998)', '""As Good as It Gets"" (1997)', '""The Shawshank Redemption"" (1994)', '""Eternal Sunshine of the Spotless Mind"" (2004)', '""Little Miss Sunshine"" (2006)', '""Lost in Translation"" (2003)', '""The Big Lebowski"" (1998)', '""Amélie"" (2001)', '""The Grand Budapest Hotel"" (2014)']"
2795,Male,Adult (41-60 years),"[541, 2716, 1580, 589, 480, 1258, 2011]","['Blade Runner (1982)', 'The Matrix (1999)', 'Ghostbusters (1984)', 'Men in Black (1997)', 'The Terminator 2: Judgment Day (1991)', 'Jurassic Park (1993)', 'The Shining (1980)', 'Back to the Future Part II (1989)', 'The Fly (1986)', 'The Lost Boys (1987)']"
2796,Male,Young (21-40 years),[],[]
2826,Male,Young (21-40 years),[],[]
2919,Male,Teenager (0-20 years),"[1198, 589, 1196, 480, 110, 150, 318, 3578, 1270]","['Raiders of the Lost Ark (1981)', 'Terminator 2: Judgment Day (1991)', 'Star Wars: Episode V - The Empire Strikes Back (1980)', 'Jurassic Park (1993)', 'The Matrix (1999)', 'Braveheart (1995)', 'Apollo 13 (1995)', 'The Shawshank Redemption (1994)', 'Gladiator (2000)', 'Back to the Future (1985)']"
2949,Male,Young (21-40 years),"[1197, 1265, 500, 2791, 364, 1270, 586]","['The Princess Bride (1987)', 'Groundhog Day (1993)', 'Shrek (2001)', 'The Mask (1994)', 'Mrs. Doubtfire (1993)', 'Airplane! (1980)', 'The Lion King (1994)', 'Back to the Future (1985)', 'Home Alone (1990)', 'The Incredibles (2004)']"
2971,Male,Young (21-40 years),"[296, 1213, 318, 356, 1682, 2858, 50, 2959, 593, 3147]","['Pulp Fiction (1994)', 'Goodfellas (1990)', 'The Shawshank Redemption (1994)', 'Forrest Gump (1994)', 'The Truman Show (1998)', 'American Beauty (1999)', 'The Usual Suspects (1995)', 'Fight Club (1999)', 'The Silence of the Lambs (1991)', 'The Green Mile (1999)']"
2974,Male,Teenager (0-20 years),"[2918, 1682, 1704, 1246, 1968, 318, 3147, 296]","['""Ferris Bueller\'s Day Off"" (1986)', '""The Truman Show"" (1998)', '""Good Will Hunting"" (1997)', '""The Princess Diaries"" (2001)', '""Dead Poets Society"" (1989)', '""Eternal Sunshine of the Spotless Mind"" (2004)', '""The Breakfast Club"" (1985)', '""The Shawshank Redemption"" (1994)', '""The Green Mile"" (1999)', '""Pulp Fiction"" (1994)']"
2982,Male,Young (21-40 years),"[1212, 904, 50, 1487, 541, 593, 3793, 608]","['The Third Man (1949)', 'Rear Window (1954)', 'The Usual Suspects (1995)', 'Seven (1995)', 'Blade Runner (1982)', 'The Silence of the Lambs (1991)', 'Memento (2000)', 'The Departed (2006)', 'Fargo (1996)', 'The Prestige (2006)']"
2997,Female,Young (21-40 years),[215],"['""Eternal Sunshine of the Spotless Mind"" (2004)', '""The Notebook"" (2004)', '""Before Sunrise"" (1995)', '""Lost in Translation"" (2003)', '""500 Days of Summer"" (2009)', '""Silver Linings Playbook"" (2012)', '""Amélie"" (2001)', '""The Grand Budapest Hotel"" (2014)', '""La La Land"" (2016)', '""Her"" (2013)']"
3041,Male,Young (21-40 years),"[318, 296, 2959, 593, 50, 1213, 2329, 1487]","['The Shawshank Redemption (1994)', 'Pulp Fiction (1994)', 'Fight Club (1999)', 'The Silence of the Lambs (1991)', 'The Usual Suspects (1995)', 'Goodfellas (1990)', 'American History X (1998)', 'Se7en (1995)', 'The Departed (2006)', 'Inception (2010)']"
3069,Male,Teenager (0-20 years),[],[]
3073,Male,Young (21-40 years),"[2791, 2716, 1198, 1197, 2000, 2918, 2005, 420, 1220, 3552]","['Airplane! (1980)', 'Ghostbusters (1984)', 'Raiders of the Lost Ark (1981)', 'The Princess Bride (1987)', 'Lethal Weapon (1987)', ""Ferris Bueller's Day Off (1986)"", 'The Goonies (1985)', 'Beverly Hills Cop (1984)', 'The Blues Brothers (1980)', 'Caddyshack (1980)', 'Enjoy watching!']"
3110,Male,Young (21-40 years),[],[]
3118,Male,Young (21-40 years),[],[]
3122,Female,Young (21-40 years),"[2858, 296, 356, 318, 1704, 1682, 1732, 2959]","['American Beauty (1999)', 'Pulp Fiction (1994)', 'Forrest Gump (1994)', 'The Shawshank Redemption (1994)', 'Good Will Hunting (1997)', 'Eternal Sunshine of the Spotless Mind (2004)', 'The Truman Show (1998)', 'The Big Lebowski (1998)', 'Fight Club (1999)', 'The Departed (2006)']"
3123,Male,Young (21-40 years),"[541, 480, 1240, 1196, 2011, 1527, 780, 1580, 1909]","['Blade Runner (1982)', 'The Matrix (1999)', 'Jurassic Park (1993)', 'The Terminator (1984)', 'Star Wars: Episode V - The Empire Strikes Back (1980)', 'Back to the Future Part II (1989)', 'The Fifth Element (1997)', 'Independence Day (1996)', 'Men in Black (1997)', 'The X-Files: Fight the Future (1998)']"
3136,Female,Young (21-40 years),"[296, 318, 2959, 356, 1213, 593, 1732, 1682]","['Pulp Fiction (1994)', 'The Shawshank Redemption (1994)', 'Fight Club (1999)', 'The Matrix (1999)', 'Forrest Gump (1994)', 'The Dark Knight (2008)', 'Goodfellas (1990)', 'The Silence of the Lambs (1991)', 'The Big Lebowski (1998)', 'The Truman Show (1998)']"
3162,Male,Young (21-40 years),"[1036, 380, 101, 377, 6, 2000]","['Die Hard (1988)', 'The Bourne Identity (2002)', 'True Lies (1994)', 'The Rock (1996)', 'Speed (1994)', 'Casino Royale (2006)', 'The Dark Knight (2008)', 'The Italian Job (2003)', 'Heat (1995)', 'Lethal Weapon (1987)']"
3251,Male,Young (21-40 years),"[296, 318, 2959, 1213, 50, 2858, 593, 1089, 1682]","['""Pulp Fiction"" (1994)', '""The Shawshank Redemption"" (1994)', '""Fight Club"" (1999)', '""Goodfellas"" (1990)', '""The Usual Suspects"" (1995)', '""American Beauty"" (1999)', '""The Silence of the Lambs"" (1991)', '""Reservoir Dogs"" (1992)', '""The Truman Show"" (1998)', '""Eternal Sunshine of the Spotless Mind"" (2004)']"
3278,Male,Young (21-40 years),"[1230, 1265, 1307, 1197, 2918, 1732, 1682, 676]","['""Annie Hall"" (1977)', '""Groundhog Day"" (1993)', '""When Harry Met Sally..."" (1989)', '""The Princess Bride"" (1987)', '""Ferris Bueller\'s Day Off"" (1986)', '""The Big Lebowski"" (1998)', '""Annie"" (1982)', '""The Truman Show"" (1998)', '""The Birdcage"" (1996)', '""The Grand Budapest Hotel"" (2014)']"
3281,Male,Young (21-40 years),"[1036, 1198, 1240, 1270, 480, 110, 318, 296]","['Die Hard (1988)', 'Raiders of the Lost Ark (1981)', 'The Terminator (1984)', 'Back to the Future (1985)', 'Jurassic Park (1993)', 'The Matrix (1999)', 'Braveheart (1995)', 'The Shawshank Redemption (1994)', 'Pulp Fiction (1994)', 'The Dark Knight (2008)']"
3296,Male,Teenager (0-20 years),"[296, 318, 356, 593, 1704, 1682, 2858, 50, 3147, 2762]","['Pulp Fiction (1994)', 'The Shawshank Redemption (1994)', 'Forrest Gump (1994)', 'The Silence of the Lambs (1991)', 'Good Will Hunting (1997)', 'The Truman Show (1998)', 'American Beauty (1999)', 'The Usual Suspects (1995)', 'The Green Mile (1999)', 'The Sixth Sense (1999)']"
3447,Male,Young (21-40 years),"[318, 296, 593, 858, 2959, 6, 1487]","['The Shawshank Redemption (1994)', 'Pulp Fiction (1994)', 'The Silence of the Lambs (1991)', 'The Godfather (1972)', 'Fight Club (1999)', 'The Matrix (1999)', 'Heat (1995)', 'Se7en (1995)', 'The Departed (2006)', 'Inception (2010)']"
3467,Male,Young (21-40 years),"[356, 318, 858, 912, 593, 3147, 1704, 1682, 1197, 1265]","['Forrest Gump (1994)', 'The Shawshank Redemption (1994)', 'The Godfather (1972)', 'Casablanca (1942)', 'The Silence of the Lambs (1991)', 'The Green Mile (1999)', 'Good Will Hunting (1997)', 'The Truman Show (1998)', 'The Princess Bride (1987)', 'Groundhog Day (1993)', 'Enjoy watching!']"
3469,Male,Adult (41-60 years),[],[]
3473,Female,Young (21-40 years),"[318, 296, 356, 1682, 3147]","['""The Shawshank Redemption"" (1994)', '""Pulp Fiction"" (1994)', '""Forest Gump"" (1994)', '""The Truman Show"" (1998)', '""Eternal Sunshine of the Spotless Mind"" (2004)', '""The Green Mile"" (1999)', '""The Princess Diaries"" (2001)', '""The Pursuit of Happyness"" (2006)', '""Little Miss Sunshine"" (2006)', '""Silver Linings Playbook"" (2012)']"
3477,Female,Adult (41-60 years),"[1307, 912, 920, 1035, 105, 1183, 17]","['""When Harry Met Sally..."" (1989)', '""The Notebook"" (2004)', '""Casablanca"" (1942)', '""Gone with the Wind"" (1939)', '""The Sound of Music"" (1965)', '""An Officer and a Gentleman"" (1982)', '""Love Actually"" (2003)', '""The Bridges of Madison County"" (1995)', '""The English Patient"" (1996)', '""Sense and Sensibility"" (1995)']"
3520,Male,Young (21-40 years),[],[]
3572,Male,Young (21-40 years),"[318, 296, 1197, 1682, 1265, 1732, 1968, 1230]","['""The Shawshank Redemption"" (1994)', '""Pulp Fiction"" (1994)', '""The Princess Bride"" (1987)', '""Eternal Sunshine of the Spotless Mind"" (2004)', '""The Truman Show"" (1998)', '""Groundhog Day"" (1993)', '""The Big Lebowski"" (1998)', '""Amélie"" (2001)', '""The Breakfast Club"" (1985)', '""Annie Hall"" (1977)']"
3599,Male,Young (21-40 years),"[1036, 1240, 377, 380, 457, 101, 292, 1610, 1573]","['Die Hard (1988)', 'Terminator (1984)', 'Speed (1994)', 'True Lies (1994)', 'The Fugitive (1993)', 'The Rock (1996)', 'Point Break (1991)', 'The Hunt for Red October (1990)', 'Face/Off (1997)', 'The Bourne Identity (2002)']"
3690,Male,Teenager (0-20 years),[],[]
3709,Male,Young (21-40 years),[],[]
3725,Male,Teenager (0-20 years),"[2858, 318, 50, 608, 778, 1682, 1732, 1089]","['American Beauty (1999)', 'The Shawshank Redemption (1994)', 'The Usual Suspects (1995)', 'Fargo (1996)', 'Trainspotting (1996)', 'The Truman Show (1998)', 'The Departed (2006)', 'Eternal Sunshine of the Spotless Mind (2004)', 'The Big Lebowski (1998)', 'Reservoir Dogs (1992)']"
3727,Male,Young (21-40 years),[],[]
3769,Male,Young (21-40 years),[],[]
3774,Male,Young (21-40 years),"[356, 1704, 318, 3147, 110, 1682, 2858, 50, 527]","['Forrest Gump (1994)', 'Good Will Hunting (1997)', 'The Shawshank Redemption (1994)', 'The Green Mile (1999)', 'Braveheart (1995)', 'The Truman Show (1998)', 'American Beauty (1999)', 'The Usual Suspects (1995)', 'The Matrix (1999)', ""Schindler's List (1993)""]"
3797,Male,Young (21-40 years),"[1198, 1270, 318, 480, 1197, 1036, 1682, 1240, 457]","['Raiders of the Lost Ark (1981)', 'Back to the Future (1985)', 'The Shawshank Redemption (1994)', 'Jurassic Park (1993)', 'The Princess Bride (1987)', 'Die Hard (1988)', 'The Truman Show (1998)', 'The Terminator (1984)', 'The Fugitive (1993)', 'The Princess Diaries (2001)', 'Enjoy watching!']"
3845,Male,Young (21-40 years),"[1198, 1270, 3114, 480, 1580, 3175, 2174, 1265, 150, 2396]","['Raiders of the Lost Ark (1981)', 'Back to the Future (1985)', 'Toy Story 2 (1999)', 'Jurassic Park (1993)', 'Men in Black (1997)', 'Galaxy Quest (1999)', 'Beetlejuice (1988)', 'Groundhog Day (1993)', 'Apollo 13 (1995)', 'Shakespeare in Love (1998)']"
3904,Male,Teenager (0-20 years),"[1270, 1197, 1198, 480, 318, 2959, 1682, 593, 1732]","['Back to the Future (1985)', 'The Princess Bride (1987)', 'Raiders of the Lost Ark (1981)', 'Jurassic Park (1993)', 'The Shawshank Redemption (1994)', 'The Dark Knight (2008)', 'Fight Club (1999)', 'The Truman Show (1998)', 'The Silence of the Lambs (1991)', 'The Big Lebowski (1998)']"
3988,Female,Young (21-40 years),"[2918, 2716, 1307, 1265, 1197, 39, 3253, 2791, 231, 3868]","[""Ferris Bueller's Day Off (1986)"", 'Ghostbusters (1984)', 'When Harry Met Sally... (1989)', 'Groundhog Day (1993)', 'The Princess Bride (1987)', 'Clueless (1995)', ""Wayne's World (1992)"", 'Airplane! (1980)', 'Dumb and Dumber (1994)', 'The Naked Gun: From the Files of Police Squad! (1988)']"
3993,Male,Young (21-40 years),[],[]
4014,Male,Young (21-40 years),[],[]
4054,Male,Young (21-40 years),[],[]
4101,Male,Teenager (0-20 years),"[318, 1036, 356, 1270, 1240, 1197, 364, 1682]","['The Shawshank Redemption (1994)', 'Die Hard (1988)', 'Forrest Gump (1994)', 'The Dark Knight (2008)', 'Back to the Future (1985)', 'The Terminator (1984)', 'The Princess Bride (1987)', 'Brave (2012)', 'The Lion King (1994)', 'The Truman Show (1998)']"
4112,Male,Adult (41-60 years),[],[]
4151,Male,Adult (41-60 years),"[1230, 1784, 1197, 1307, 318, 356, 296]","['""Annie Hall"" (1977)', '""The Graduate"" (1967)', '""Eternal Sunshine of the Spotless Mind"" (2004)', '""As Good as It Gets"" (1997)', '""The Princess Bride"" (1987)', '""Lost in Translation"" (2003)', '""When Harry Met Sally..."" (1989)', '""The Shawshank Redemption"" (1994)', '""Forrest Gump"" (1994)', '""Pulp Fiction"" (1994)']"
4170,Male,Adult (41-60 years),"[912, 1230, 318, 296, 356, 593, 1732, 1704]","['""Casablanca"" (1942)', '""Annie Hall"" (1977)', '""The Shawshank Redemption"" (1994)', '""Pulp Fiction"" (1994)', '""The Godfather"" (1972)', '""Forrest Gump"" (1994)', '""The Silence of the Lambs"" (1991)', '""The Big Lebowski"" (1998)', '""The Graduate"" (1967)', '""Good Will Hunting"" (1997)']"
4186,Male,Young (21-40 years),[],[]
4223,Female,Young (21-40 years),"[318, 296, 356, 2959, 1704, 593, 1682]","['The Shawshank Redemption (1994)', 'Pulp Fiction (1994)', 'Forrest Gump (1994)', 'The Dark Knight (2008)', 'Fight Club (1999)', 'The Matrix (1999)', 'Good Will Hunting (1997)', 'The Silence of the Lambs (1991)', 'The Departed (2006)', 'The Truman Show (1998)']"
4251,Male,Adult (41-60 years),"[1265, 1197, 2716, 2918, 2791, 3868, 3253, 39, 1517, 231]","['Groundhog Day (1993)', 'The Princess Bride (1987)', 'Ghostbusters (1984)', ""Ferris Bueller's Day Off (1986)"", 'Airplane! (1980)', 'The Naked Gun: From the Files of Police Squad! (1988)', ""Wayne's World (1992)"", 'Clueless (1995)', 'Austin Powers: International Man of Mystery (1997)', 'Dumb and Dumber (1994)']"
4335,Male,Young (21-40 years),[],[]
4347,Female,Teenager (0-20 years),"[1270, 318, 1036, 1197, 356, 296, 1682, 2959]","['""Back to the Future"" (1985)', '""The Shawshank Redemption"" (1994)', '""Die Hard"" (1988)', '""The Princess Bride"" (1987)', '""The Dark Knight"" (2008)', '""Forrest Gump"" (1994)', '""Pulp Fiction"" (1994)', '""The Truman Show"" (1998)', '""The Matrix"" (1999)', '""Fight Club"" (1999)']"
4357,Female,Young (21-40 years),"[588, 1197, 595, 2081, 899, 1035, 551, 919]","['Aladdin (1992)', 'The Princess Bride (1987)', 'Beauty and the Beast (2017)', 'The Little Mermaid (1989)', ""Singin' in the Rain (1952)"", ""The Lion King 2: Simba's Pride (1998)"", 'The Sound of Music (1965)', 'The Nightmare Before Christmas (1993)', 'The Wizard of Oz (1939)', 'The Jungle Book (2016)']"
4376,Female,Young (21-40 years),"[1270, 1198, 1197, 2716, 2000, 1240, 1036, 480, 1580, 318]","['Back to the Future (1985)', 'Raiders of the Lost Ark (1981)', 'The Princess Bride (1987)', 'Ghostbusters (1984)', 'Lethal Weapon (1987)', 'The Terminator (1984)', 'Die Hard (1988)', 'Jurassic Park (1993)', 'Men in Black (1997)', 'The Shawshank Redemption (1994)']"
4388,Male,Adult (41-60 years),[],[]
4405,Male,Young (21-40 years),"[1230, 318, 356, 912, 1704, 1197, 1682]","['""Annie Hall"" (1977)', '""Eternal Sunshine of the Spotless Mind"" (2004)', '""Amélie"" (2001)', '""The Shawshank Redemption"" (1994)', '""Forrest Gump"" (1994)', '""Casablanca"" (1942)', '""The Godfather"" (1972)', '""Good Will Hunting"" (1997)', '""The Princess Bride"" (1987)', '""The Truman Show"" (1998)']"
4411,Male,Teenager (0-20 years),[],[]
4428,Male,Young (21-40 years),"[1278, 2716, 1387, 1214, 1258, 1219, 2160, 3016]","['Young Frankenstein (1974)', 'Ghostbusters (1984)', 'Jaws (1975)', 'Alien (1979)', 'The Shining (1980)', 'The Fly (1958)', 'Psycho (1960)', ""Rosemary's Baby (1968)"", 'Creepshow (1982)', 'Cemetery Man', 'Enjoy watching!']"
4430,Female,Young (21-40 years),[],[]
4431,Male,Teenager (0-20 years),"[1213, 608, 318, 1221, 1206, 1089, 1247, 1732, 2959, 593]","['Goodfellas (1990)', 'Fargo (1996)', 'The Shawshank Redemption (1994)', 'The Godfather: Part II (1974)', 'A Clockwork Orange (1971)', 'Reservoir Dogs (1992)', 'The Graduate (1967)', 'The Big Lebowski (1998)', 'Fight Club (1999)', 'The Silence of the Lambs (1991)']"
4477,Male,Young (21-40 years),"[296, 318, 2959, 858, 1213, 593]","['Pulp Fiction (1994)', 'The Shawshank Redemption (1994)', 'Fight Club (1999)', 'The Dark Knight (2008)', 'Inception (2010)', 'The Matrix (1999)', 'The Godfather (1972)', 'Goodfellas (1990)', 'The Departed (2006)', 'The Silence of the Lambs (1991)']"
4480,Male,Young (21-40 years),[],[]
4516,Male,Teenager (0-20 years),"[296, 318, 2023, 593, 50, 1089, 6, 2858, 2762]","['Pulp Fiction (1994)', 'The Shawshank Redemption (1994)', 'The Godfather: Part III (1990)', 'The Silence of the Lambs (1991)', 'The Departed (2006)', 'The Usual Suspects (1995)', 'Reservoir Dogs (1992)', 'Heat (1995)', 'American Beauty (1999)', 'The Sixth Sense (1999)']"
4535,Male,Teenager (0-20 years),[],[]
4545,Male,Young (21-40 years),"[480, 318, 589, 3578, 364, 1198]","['The Matrix (1999)', 'Jurassic Park (1993)', 'The Lord of the Rings: The Fellowship of the Ring (2001)', 'The Shawshank Redemption (1994)', 'Terminator 2: Judgment Day (1991)', 'Gladiator (2000)', 'The Dark Knight (2008)', 'Brave (2012)', 'The Lion King (1994)', 'Raiders of the Lost Ark (1981)']"
4550,Male,Teenager (0-20 years),"[2959, 1682, 2502, 2329, 2997, 1732, 296, 318, 1704]","['Fight Club (1999)', 'The Truman Show (1998)', 'Office Space (1999)', 'The Matrix (1999)', 'American History X (1998)', 'Being John Malkovich (1999)', 'The Big Lebowski (1998)', 'Pulp Fiction (1994)', 'The Shawshank Redemption (1994)', 'Good Will Hunting (1997)']"
4575,Female,Teenager (0-20 years),"[1407, 2174, 1321, 1215]","['Scream (1996)', 'Shaun of the Dead (2004)', 'The Cabin in the Woods (2012)', 'Zombieland (2009)', 'Beetlejuice (1988)', 'The Evil Dead (1981)', 'Tucker and Dale vs Evil (2010)', 'An American Werewolf in London (1981)', 'The Lost Boys (1987)', 'Army of Darkness (1992)']"
4610,Female,Young (21-40 years),"[1265, 2717, 1197, 1517]","['""Groundhog Day"" (1993)', '""Ghostbusters II"" (1989)', '""The Princess Bride"" (1987)', '""Men in Black II"" (2002)', '""Austin Powers: International Man of Mystery"" (1997)', '""The Mask"" (1994)', '""Hot Fuzz"" (2007)', '""Zoolander"" (2001)', '""Shaun of the Dead"" (2004)', '""Superbad"" (2007)']"
4611,Female,Teenager (0-20 years),[],[]
4659,Female,Young (21-40 years),"[318, 356, 296, 593, 912, 527, 920, 1197]","['""The Shawshank Redemption"" (1994)', '""Forrest Gump"" (1994)', '""Pulp Fiction"" (1994)', '""The Silence of the Lambs"" (1991)', '""Casablanca"" (1942)', '""Schindler\'s List"" (1993)', '""The Lion King"" (1994)', '""Gone with the Wind"" (1939)', '""The Princess Bride"" (1987)', '""Eternal Sunshine of the Spotless Mind"" (2004)']"
4660,Female,Teenager (0-20 years),"[1270, 1198, 1197, 2918, 2005, 2716, 1968, 480, 318, 356]","['Back to the Future (1985)', 'Raiders of the Lost Ark (1981)', 'The Princess Bride (1987)', ""Ferris Bueller's Day Off (1986)"", 'The Goonies (1985)', 'Ghostbusters (1984)', 'The Breakfast Club (1985)', 'Jurassic Park (1993)', 'The Shawshank Redemption (1994)', 'Forrest Gump (1994)', 'Enjoy watching!']"
4742,Male,Young (21-40 years),[],[]
4794,Female,Young (21-40 years),"[1270, 318, 356, 296, 480, 1197, 1036, 1198, 593]","['Back to the Future (1985)', 'The Shawshank Redemption (1994)', 'Forrest Gump (1994)', 'Pulp Fiction (1994)', 'The Matrix (1999)', 'Jurassic Park (1993)', 'The Princess Bride (1987)', 'Die Hard (1988)', 'Raiders of the Lost Ark (1981)', 'The Silence of the Lambs (1991)', 'Enjoy watching!']"
4802,Male,Adult (41-60 years),[],[]
4833,Male,Young (21-40 years),"[1197, 2987, 3114, 1291, 1270, 260, 912, 3471, 1265, 969]","['The Princess Bride (1987)', 'Who Framed Roger Rabbit? (1988)', 'Toy Story 2 (1999)', 'Indiana Jones and the Last Crusade (1989)', 'Back to the Future (1985)', 'Star Wars: Episode IV - A New Hope (1977)', 'Casablanca (1942)', 'Close Encounters of the Third Kind (1977)', 'Groundhog Day (1993)', 'The African Queen (1951)']"
4834,Female,Adult (41-60 years),[],[]
4841,Male,Young (21-40 years),"[296, 318, 1213, 1682, 50, 608, 2329, 1732]","['Pulp Fiction (1994)', 'The Shawshank Redemption (1994)', 'Goodfellas (1990)', 'The Truman Show (1998)', 'The Usual Suspects (1995)', 'Fargo (1996)', 'American History X (1998)', 'Eternal Sunshine of the Spotless Mind (2004)', 'The Departed (2006)', 'The Big Lebowski (1998)']"
4851,Male,Teenager (0-20 years),"[1682, 2959, 2028, 1704, 318, 296, 356, 3147, 2762]","['The Truman Show (1998)', 'Fight Club (1999)', 'Saving Private Ryan (1998)', 'Good Will Hunting (1997)', 'The Shawshank Redemption (1994)', 'Pulp Fiction (1994)', 'The Matrix (1999)', 'Forrest Gump (1994)', 'The Green Mile (1999)', 'The Sixth Sense (1999)']"
4895,Female,Young (21-40 years),"[2858, 50, 1307, 296, 1704, 1682, 2959, 318, 356]","['American Beauty (1999)', 'The Usual Suspects (1995)', 'When Harry Met Sally... (1989)', 'Pulp Fiction (1994)', 'Good Will Hunting (1997)', 'The Truman Show (1998)', 'Eternal Sunshine of the Spotless Mind (2004)', 'Fight Club (1999)', 'The Shawshank Redemption (1994)', 'Forrest Gump (1994)']"
4899,Male,Young (21-40 years),[],[]
4920,Male,Young (21-40 years),"[296, 318, 2959, 356, 858, 1213]","['Pulp Fiction (1994)', 'The Shawshank Redemption (1994)', 'Fight Club (1999)', 'Forrest Gump (1994)', 'The Godfather (1972)', 'Goodfellas (1990)', 'The Dark Knight (2008)', 'The Matrix (1999)', 'Inception (2010)', 'The Departed (2006)']"
4945,Male,Adult (41-60 years),"[318, 593, 2762, 1997, 1258, 1219, 1387, 1206, 1247, 1221]","['The Shawshank Redemption (1994)', 'The Silence of the Lambs (1991)', 'The Sixth Sense (1999)', 'The Exorcist (1973)', 'The Shining (1980)', 'Psycho (1960)', 'Jaws (1975)', 'A Clockwork Orange (1971)', 'The Graduate (1967)', 'The Godfather: Part II (1974)']"
4959,Male,Young (21-40 years),"[318, 296, 858, 2959, 356, 593, 1704]","['The Shawshank Redemption (1994)', 'Pulp Fiction (1994)', 'The Godfather (1972)', 'Fight Club (1999)', 'The Dark Knight (2008)', 'Forrest Gump (1994)', 'The Silence of the Lambs (1991)', 'Good Will Hunting (1997)', 'The Matrix (1999)', 'The Departed (2006)']"
4983,Female,Adult (41-60 years),"[356, 318, 364, 1682, 3147, 595, 1035, 919]","['Forrest Gump (1994)', 'The Shawshank Redemption (1994)', 'The Lion King (1994)', 'The Princess Diaries (2001)', 'The Incredibles (2004)', 'The Truman Show (1998)', 'The Green Mile (1999)', 'Beauty and the Beast (1991)', 'The Sound of Music (1965)', 'The Wizard of Oz (1939)']"
5002,Male,Young (21-40 years),[],[]
5004,Female,Adult (41-60 years),"[910, 1230, 1265, 1197, 1307, 2791, 1247, 2825, 1732, 2918]","['Some Like It Hot (1959)', 'Annie Hall (1977)', 'Groundhog Day (1993)', 'The Princess Bride (1987)', 'When Harry Met Sally... (1989)', 'Airplane! (1980)', 'The Graduate (1967)', 'Tootsie (1982)', 'The Big Lebowski (1998)', ""Ferris Bueller's Day Off (1986)"", 'Enjoy your movie marathon!']"
5080,Female,Adult (41-60 years),"[2791, 318, 1265, 1704, 1230, 1682, 1197, 1961, 1784]","['""Airplane!"" (1980)', '""The Shawshank Redemption"" (1994)', '""Groundhog Day"" (1993)', '""Good Will Hunting"" (1997)', '""Annie Hall"" (1977)', '""The Truman Show"" (1998)', '""The Princess Bride"" (1987)', '""Rain Man"" (1988)', '""The Big Chill"" (1983)', '""As Good as It Gets"" (1997)']"
5136,Male,Young (21-40 years),"[1265, 1307, 1682, 1270, 1784, 318, 356, 1732]","['""Groundhog Day"" (1993)', '""When Harry Met Sally..."" (1989)', '""The Truman Show"" (1998)', '""Back to the Future"" (1985)', '""The Princess Diaries"" (2001)', '""As Good as It Gets"" (1997)', '""The Shawshank Redemption"" (1994)', '""Forrest Gump"" (1994)', '""The Big Lebowski"" (1998)', '""Eternal Sunshine of the Spotless Mind"" (2004)']"
5154,Male,Young (21-40 years),"[318, 296, 593, 356, 50, 1213, 1682, 2762, 2959]","['The Shawshank Redemption (1994)', 'Pulp Fiction (1994)', 'The Silence of the Lambs (1991)', 'Forrest Gump (1994)', 'The Usual Suspects (1995)', 'Goodfellas (1990)', 'The Departed (2006)', 'The Truman Show (1998)', 'The Sixth Sense (1999)', 'Fight Club (1999)']"
5163,Male,Adult (41-60 years),[],[]
5183,Female,Teenager (0-20 years),"[1580, 2273, 1517, 2000, 420, 3253, 145, 3868, 344]","['Men in Black (1997)', 'Rush Hour (1998)', 'Austin Powers: International Man of Mystery (1997)', 'Lethal Weapon (1987)', 'The Mask (1994)', 'Beverly Hills Cop (1984)', ""Wayne's World (1992)"", 'Bad Boys (1995)', 'The Naked Gun: From the Files of Police Squad! (1988)', 'Ace Ventura: Pet Detective (1994)']"
5215,Female,Adult (41-60 years),"[296, 318, 1213, 593, 50, 6, 16, 2268, 1089]","['Pulp Fiction (1994)', 'The Shawshank Redemption (1994)', 'Goodfellas (1990)', 'The Silence of the Lambs (1991)', 'The Departed (2006)', 'The Usual Suspects (1995)', 'Heat (1995)', 'Casino (1995)', 'A Few Good Men (1992)', 'Reservoir Dogs (1992)']"
5221,Female,Adult (41-60 years),"[858, 1252, 904, 111, 593, 1953, 50, 908, 318]","['The Godfather (1972)', 'Chinatown (1974)', 'Rear Window (1954)', 'Taxi Driver (1976)', 'The Silence of the Lambs (1991)', 'The French Connection (1971)', 'The Usual Suspects (1995)', 'North by Northwest (1959)', 'The Departed (2006)', 'The Shawshank Redemption (1994)']"
5248,Female,Adult (41-60 years),"[1265, 1307, 539, 500, 39, 2671, 676]","['""Groundhog Day"" (1993)', '""When Harry Met Sally..."" (1989)', '""The Princess Diaries"" (2001)', '""Sleepless in Seattle"" (1993)', '""Mrs. Doubtfire"" (1993)', '""The Proposal"" (2009)', '""My Big Fat Greek Wedding"" (2002)', '""Clueless"" (1995)', '""Notting Hill"" (1999)', '""The Birdcage"" (1996)']"
5252,Male,Young (21-40 years),"[296, 318, 2023, 50, 593, 111, 1732, 1089]","['""Pulp Fiction"" (1994)', '""The Shawshank Redemption"" (1994)', '""The Godfather: Part III"" (1990)', '""The Usual Suspects"" (1995)', '""The Silence of the Lambs"" (1991)', '""Taxi Driver"" (1976)', '""The Departed"" (2006)', '""No Country for Old Men"" (2007)', '""The Big Lebowski"" (1998)', '""Reservoir Dogs"" (1992)']"
5256,Male,Young (21-40 years),[],[]
5264,Male,Teenager (0-20 years),"[1270, 1197, 2918, 1968, 2716, 318, 1704, 356, 1682]","['""Back to the Future"" (1985)', '""The Princess Bride"" (1987)', '""Ferris Bueller\'s Day Off"" (1986)', '""The Breakfast Club"" (1985)', '""Ghostbusters"" (1984)', '""The Shawshank Redemption"" (1994)', '""Good Will Hunting"" (1997)', '""Forrest Gump"" (1994)', '""The Truman Show"" (1998)', '""Eternal Sunshine of the Spotless Mind"" (2004)']"
5280,Male,Teenager (0-20 years),"[2959, 1682, 2706, 318, 296, 1704, 1732, 39, 1197, 1968]","['Fight Club (1999)', 'The Truman Show (1998)', 'American Pie (1999)', 'The Shawshank Redemption (1994)', 'Pulp Fiction (1994)', 'Good Will Hunting (1997)', 'The Big Lebowski (1998)', 'Clueless (1995)', 'The Princess Bride (1987)', 'The Breakfast Club (1985)']"
5322,Male,Young (21-40 years),"[1265, 1307, 356, 1197, 1682, 1732, 2918, 318, 1270]","['""Groundhog Day"" (1993)', '""When Harry Met Sally..."" (1989)', '""Forrest Gump"" (1994)', '""The Princess Bride"" (1987)', '""The Truman Show"" (1998)', '""The Big Lebowski"" (1998)', '""Eternal Sunshine of the Spotless Mind"" (2004)', '""Ferris Bueller\'s Day Off"" (1986)', '""The Shawshank Redemption"" (1994)', '""Back to the Future"" (1985)', 'Enjoy!']"
5337,Female,Young (21-40 years),"[1265, 1197, 1, 1270, 2716, 2081, 2918, 2124]","['""Groundhog Day"" (1993)', '""The Princess Bride"" (1987)', '""Toy Story"" (1995)', '""Back to the Future"" (1985)', '""Ghostbusters"" (1984)', '""The Little Mermaid"" (1989)', '""Ferris Bueller\'s Day Off"" (1986)', '""The Lion King"" (1994)', '""The Mask"" (1994)', '""The Addams Family"" (1991)']"
5383,Male,Young (21-40 years),"[318, 1, 593, 1097, 858, 480, 364, 1198, 1197]","['The Shawshank Redemption (1994)', 'Toy Story (1995)', 'The Silence of the Lambs (1991)', 'E.T. the Extra-Terrestrial (1982)', 'The Godfather (1972)', 'Jurassic Park (1993)', 'The Lion King (1994)', 'Raiders of the Lost Ark (1981)', 'The Princess Bride (1987)', 'The Matrix (1999)']"
5418,Female,Young (21-40 years),[],[]
5431,Male,Adult (41-60 years),"[318, 296, 1704, 1682, 1732, 1265, 1784, 1197, 3147]","['""The Shawshank Redemption"" (1994)', '""Pulp Fiction"" (1994)', '""Good Will Hunting"" (1997)', '""The Truman Show"" (1998)', '""Eternal Sunshine of the Spotless Mind"" (2004)', '""The Big Lebowski"" (1998)', '""Groundhog Day"" (1993)', '""As Good as It Gets"" (1997)', '""The Princess Bride"" (1987)', '""The Green Mile"" (1999)']"
5494,Female,Young (21-40 years),"[296, 318, 1704, 1682, 1732, 1197, 1265, 1968]","['""Pulp Fiction"" (1994)', '""The Shawshank Redemption"" (1994)', '""Good Will Hunting"" (1997)', '""The Truman Show"" (1998)', '""Eternal Sunshine of the Spotless Mind"" (2004)', '""The Big Lebowski"" (1998)', '""Amélie"" (2001)', '""The Princess Bride"" (1987)', '""Groundhog Day"" (1993)', '""The Breakfast Club"" (1985)']"
5504,Male,Adult (41-60 years),[],[]
5516,Female,Adult (41-60 years),"[356, 318, 1704, 1682, 2858, 3147, 1732, 1265, 1197, 1246]","['Forrest Gump (1994)', 'The Shawshank Redemption (1994)', 'Good Will Hunting (1997)', 'The Truman Show (1998)', 'American Beauty (1999)', 'The Green Mile (1999)', 'The Big Lebowski (1998)', 'Groundhog Day (1993)', 'The Princess Bride (1987)', 'Dead Poets Society (1989)']"
5557,Male,Young (21-40 years),"[1265, 1682, 356, 318, 1732, 1704, 1197, 296, 1968]","['""Groundhog Day"" (1993)', '""The Truman Show"" (1998)', '""Eternal Sunshine of the Spotless Mind"" (2004)', '""Forrest Gump"" (1994)', '""The Shawshank Redemption"" (1994)', '""The Big Lebowski"" (1998)', '""Good Will Hunting"" (1997)', '""The Princess Bride"" (1987)', '""Pulp Fiction"" (1994)', '""The Breakfast Club"" (1985)']"
5586,Male,Young (21-40 years),"[356, 1704, 318, 2858, 1682, 50, 608, 1732, 2762, 778]","['Forrest Gump (1994)', 'Good Will Hunting (1997)', 'The Shawshank Redemption (1994)', 'American Beauty (1999)', 'The Truman Show (1998)', 'The Usual Suspects (1995)', 'Fargo (1996)', 'The Big Lebowski (1998)', 'The Sixth Sense (1999)', 'Trainspotting (1996)']"
5588,Female,Young (21-40 years),"[296, 1213, 356, 318, 2959, 50, 2858, 1089, 593]","['Pulp Fiction (1994)', 'Goodfellas (1990)', 'Forrest Gump (1994)', 'The Shawshank Redemption (1994)', 'Fight Club (1999)', 'The Usual Suspects (1995)', 'The Departed (2006)', 'American Beauty (1999)', 'Reservoir Dogs (1992)', 'The Silence of the Lambs (1991)']"
5598,Male,Teenager (0-20 years),"[2918, 1197, 1307, 1265, 1682, 2413, 1968, 2572, 1777]","[""Ferris Bueller's Day Off (1986)"", 'The Princess Bride (1987)', 'When Harry Met Sally... (1989)', 'Groundhog Day (1993)', 'The Truman Show (1998)', 'Clue (1985)', 'The Breakfast Club (1985)', '10 Things I Hate About You (1999)', 'The Wedding Singer (1998)', 'Legally Blonde (2001)']"
5613,Female,Young (21-40 years),"[1265, 2918, 1307, 1197, 2716, 1270, 500, 1682, 2797]","['""Groundhog Day"" (1993)', '""Ferris Bueller\'s Day Off"" (1986)', '""When Harry Met Sally..."" (1989)', '""The Princess Bride"" (1987)', '""Ghostbusters"" (1984)', '""Back to the Future"" (1985)', '""Annie"" (1982)', '""Mrs. Doubtfire"" (1993)', '""The Truman Show"" (1998)', '""Big"" (1988)', 'Enjoy!']"
5622,Male,Young (21-40 years),"[2791, 1265, 1682, 1307, 1732, 2918, 1777, 39]","['Airplane! (1980)', 'The Princess Diaries (2001)', 'Groundhog Day (1993)', 'The Truman Show (1998)', 'When Harry Met Sally... (1989)', 'The Big Lebowski (1998)', ""Ferris Bueller's Day Off (1986)"", 'The Wedding Singer (1998)', 'Clueless (1995)', 'The Hangover (2009)', 'Enjoy!']"
5651,Female,Young (21-40 years),"[318, 296, 480, 364, 593, 3114, 2081, 588, 551]","['The Shawshank Redemption (1994)', 'Pulp Fiction (1994)', 'The Matrix (1999)', 'Jurassic Park (1993)', 'The Lion King (1994)', 'The Silence of the Lambs (1991)', 'Toy Story 2 (1999)', 'The Little Mermaid (1989)', 'Aladdin (1992)', 'The Nightmare Before Christmas (1993)']"
5665,Male,Teenager (0-20 years),"[318, 2959, 593, 2329, 1682, 1968, 3147, 1682]","['""The Shawshank Redemption"" (1994)', '""The Godfather"" (1972)', '""Fight Club"" (1999)', '""The Silence of the Lambs"" (1991)', '""American History X"" (1998)', '""The Truman Show"" (1998)', '""Eternal Sunshine of the Spotless Mind"" (2004)', '""The Breakfast Club"" (1985)', '""The Green Mile"" (1999)', '""The Truman Show"" (1998)', 'Enjoy!']"
5733,Male,Young (21-40 years),"[296, 356, 318, 1732, 2959, 1682, 2858]","['Pulp Fiction (1994)', 'Forrest Gump (1994)', 'The Shawshank Redemption (1994)', 'The Big Lebowski (1998)', 'Eternal Sunshine of the Spotless Mind (2004)', 'Fight Club (1999)', 'The Truman Show (1998)', 'American Beauty (1999)', 'The Princess Diaries (2001)', 'The Notebook (2004)']"
5759,Female,Young (21-40 years),[],[]
5763,Female,Young (21-40 years),[],[]
5785,Female,Young (21-40 years),"[318, 356, 2959, 1682, 1197]","['The Shawshank Redemption (1994)', 'Forrest Gump (1994)', 'The Dark Knight (2008)', 'Eternal Sunshine of the Spotless Mind (2004)', 'Fight Club (1999)', 'The Truman Show (1998)', 'The Departed (2006)', 'The Social Network (2010)', 'The Princess Bride (1987)', 'The Bourne Identity (2002)']"
5812,Female,Young (21-40 years),[],[]
5854,Male,Adult (41-60 years),[],[]
5879,Male,Young (21-40 years),"[1036, 589, 3527, 480, 457, 377, 380]","['Die Hard (1988)', 'Terminator 2: Judgment Day (1991)', 'Predator (1987)', 'Jurassic Park (1993)', 'The Fugitive (1993)', 'Speed (1994)', 'True Lies (1994)', 'The Bourne Identity (2002)', 'The Dark Knight (2008)', 'Inception (2010)']"
5895,Male,Young (21-40 years),"[296, 318, 6, 1213, 50, 608, 16, 1089, 380]","['Pulp Fiction (1994)', 'The Shawshank Redemption (1994)', 'Heat (1995)', 'Goodfellas (1990)', 'The Usual Suspects (1995)', 'Fargo (1996)', 'Casino (1995)', 'Reservoir Dogs (1992)', 'The Departed (2006)', 'True Lies (1994)']"
5909,Male,Teenager (0-20 years),"[1347, 2459, 1983, 1974, 2710, 1327, 1991, 1395, 1994]","['A Nightmare on Elm Street (1984)', 'The Texas Chainsaw Massacre (1974)', 'Halloween II (1981)', 'The Evil Dead (1981)', 'Friday the 13th (1980)', 'The Blair Witch Project (1999)', 'The Amityville Horror (1979)', ""Child's Play (1988)"", 'The Omen (1976)', 'Poltergeist (1982)']"
5918,Male,Young (21-40 years),"[2762, 2459, 1036, 2710, 1206, 593, 1982, 1240, 1258, 296]","['The Sixth Sense (1999)', 'The Texas Chainsaw Massacre (1974)', 'Die Hard (1988)', 'The Blair Witch Project (1999)', 'A Clockwork Orange (1971)', 'The Silence of the Lambs (1991)', 'Halloween (1978)', 'The Terminator (1984)', 'The Shining (1980)', 'Pulp Fiction (1994)']"
5929,Female,Young (21-40 years),"[1997, 1982, 1347, 1258, 1219, 2459, 593, 2710, 1407]","['The Exorcist (1973)', 'Halloween (1978)', 'A Nightmare on Elm Street (1984)', 'The Shining (1980)', 'Psycho (1960)', 'The Texas Chainsaw Massacre (1974)', 'The Silence of the Lambs (1991)', 'The Blair Witch Project (1999)', 'Scream (1996)', 'The Ring (2002)']"
5987,Male,Young (21-40 years),"[1230, 1307, 1197, 1265, 2918, 1732, 2502]","['""Annie Hall"" (1977)', '""When Harry Met Sally..."" (1989)', '""The Princess Bride"" (1987)', '""Groundhog Day"" (1993)', '""Ferris Bueller\'s Day Off"" (1986)', '""The Big Lebowski"" (1998)', '""Anchorman: The Legend of Ron Burgundy"" (2004)', '""Office Space"" (1999)', '""Superbad"" (2007)', '""Zoolander"" (2001)', 'Enjoy watching!']"
5991,Female,Young (21-40 years),"[1265, 1307, 1197, 1, 1527, 1244, 1238, 1136, 2065, 899]","['""Groundhog Day (1993)', '""When Harry Met Sally... (1989)', '""The Princess Bride (1987)', '""Toy Story (1995)', '""The Fifth Element (1997)', '""Manhattan (1979)', '""Local Hero (1983)', '""Monty Python and the Holy Grail (1974)', '""The Purple Rose of Cairo (1985)', '""Singin\' in the Rain (1952)']"
5993,Female,Adult (41-60 years),"[912, 899, 1230, 1307, 1035, 910, 539, 1682, 1265]","['Casablanca (1942)', ""Singin' in the Rain (1952)"", 'Annie Hall (1977)', 'When Harry Met Sally... (1989)', 'The Sound of Music (1965)', 'Some Like It Hot (1959)', 'The Princess Diaries (2001)', 'Sleepless in Seattle (1993)', 'The Truman Show (1998)', 'Groundhog Day (1993)']"
6009,Female,Young (21-40 years),"[296, 318, 2959, 1213, 593, 110, 50, 1089, 2762, 6]","['Pulp Fiction (1994)', 'The Shawshank Redemption (1994)', 'Fight Club (1999)', 'Goodfellas (1990)', 'The Silence of the Lambs (1991)', 'Braveheart (1995)', 'The Usual Suspects (1995)', 'Reservoir Dogs (1992)', 'The Sixth Sense (1999)', 'Heat (1995)']"
